{
  "results": [
    {
      "command": "target/release/psdm -t 1 ../tech_wars/analysis/baseline_variants/consensus/bcftools/bcftools.consensus.fa",
      "mean": 95.38727355265999,
      "stddev": 1.0306680316820704,
      "median": 95.33506047246,
      "user": 93.74430221999998,
      "system": 1.31371798,
      "min": 94.18406981796001,
      "max": 97.88164977896,
      "times": [
        97.88164977896,
        95.30467440696,
        95.36672466996,
        95.36544653796,
        95.28935250496001,
        94.76497111496,
        95.59313509196001,
        95.84604792396,
        94.18406981796001,
        94.27666367896
      ],
      "exit_codes": [
        0,
        0,
        0,
        0,
        0,
        0,
        0,
        0,
        0,
        0
      ],
      "parameters": {
        "threads": "1",
        "tool": "target/release/psdm"
      }
    },
    {
      "command": "target/release/psdm -t 2 ../tech_wars/analysis/baseline_variants/consensus/bcftools/bcftools.consensus.fa",
      "mean": 54.300491536260004,
      "stddev": 1.4686188368348678,
      "median": 53.56307558496,
      "user": 93.95044962,
      "system": 1.0116446799999999,
      "min": 53.15693789996,
      "max": 57.46961544796,
      "times": [
        57.46961544796,
        53.565699589960005,
        53.494964706960005,
        53.56045157996,
        56.20972700896,
        55.09458677496,
        53.66655708396,
        53.15693789996,
        53.396147666960005,
        53.39022760296
      ],
      "exit_codes": [
        0,
        0,
        0,
        0,
        0,
        0,
        0,
        0,
        0,
        0
      ],
      "parameters": {
        "threads": "2",
        "tool": "target/release/psdm"
      }
    },
    {
      "command": "target/release/psdm -t 4 ../tech_wars/analysis/baseline_variants/consensus/bcftools/bcftools.consensus.fa",
      "mean": 33.02439020966,
      "stddev": 0.7767044303063079,
      "median": 32.73273175646,
      "user": 93.49623322,
      "system": 0.9473958799999999,
      "min": 32.532137230960004,
      "max": 34.99401210096,
      "times": [
        32.831407887960005,
        34.99401210096,
        32.532137230960004,
        32.54678781996,
        33.76431353796,
        32.803779473960006,
        32.739578845960004,
        32.72588466696,
        32.64529771096,
        32.660702820960005
      ],
      "exit_codes": [
        0,
        0,
        0,
        0,
        0,
        0,
        0,
        0,
        0,
        0
      ],
      "parameters": {
        "threads": "4",
        "tool": "target/release/psdm"
      }
    },
    {
      "command": "target/release/psdm -t 8 ../tech_wars/analysis/baseline_variants/consensus/bcftools/bcftools.consensus.fa",
      "mean": 22.28223181636,
      "stddev": 0.09555757091048882,
      "median": 22.30093010646,
      "user": 93.64645052,
      "system": 0.6354382799999999,
      "min": 22.130576937959997,
      "max": 22.441447266959997,
      "times": [
        22.32873405996,
        22.35445386196,
        22.441447266959997,
        22.31583508296,
        22.28602512996,
        22.21370648696,
        22.27447465796,
        22.130576937959997,
        22.14705762096,
        22.33000705796
      ],
      "exit_codes": [
        0,
        0,
        0,
        0,
        0,
        0,
        0,
        0,
        0,
        0
      ],
      "parameters": {
        "threads": "8",
        "tool": "target/release/psdm"
      }
    },
    {
      "command": "target/release/psdm -t 16 ../tech_wars/analysis/baseline_variants/consensus/bcftools/bcftools.consensus.fa",
      "mean": 17.561011081159997,
      "stddev": 0.18937317431684803,
      "median": 17.522825254959997,
      "user": 101.28270691999998,
      "system": 0.69784158,
      "min": 17.38046235696,
      "max": 18.036104073959997,
      "times": [
        18.036104073959997,
        17.38046235696,
        17.40297755496,
        17.605624502959998,
        17.581876130959998,
        17.57069575296,
        17.46533391496,
        17.44617477796,
        17.47495475696,
        17.64590698896
      ],
      "exit_codes": [
        0,
        0,
        0,
        0,
        0,
        0,
        0,
        0,
        0,
        0
      ],
      "parameters": {
        "threads": "16",
        "tool": "target/release/psdm"
      }
    }
  ]
}
