{
  "results": [
    {
      "command": "snp-dists -j 1 ../tech_wars/analysis/baseline_variants/consensus/bcftools/bcftools.consensus.fa",
      "mean": 231.03240242857996,
      "stddev": 4.808468299242891,
      "median": 231.79557075908,
      "user": 229.06770893999993,
      "system": 1.12657662,
      "min": 224.15654442908,
      "max": 240.38790636308,
      "times": [
        224.15654442908,
        225.63480475208,
        225.79389227008,
        234.38217924608,
        240.38790636308,
        232.04562623808,
        231.50112877208,
        231.54551528008,
        232.31542451407998,
        232.56100242108
      ],
      "exit_codes": [
        0,
        0,
        0,
        0,
        0,
        0,
        0,
        0,
        0,
        0
      ],
      "parameters": {
        "threads": "1"
      }
    },
    {
      "command": "snp-dists -j 2 ../tech_wars/analysis/baseline_variants/consensus/bcftools/bcftools.consensus.fa",
      "mean": 120.29789868008001,
      "stddev": 0.798686797880587,
      "median": 120.26479402858,
      "user": 227.86805003999999,
      "system": 1.27069542,
      "min": 118.86096110508,
      "max": 121.26549912208,
      "times": [
        121.15615018608,
        120.09256527708,
        119.77113523908,
        120.67291209608,
        120.43702278008,
        119.48582664208,
        118.86096110508,
        121.19241752008,
        121.26549912208,
        120.04449683308
      ],
      "exit_codes": [
        0,
        0,
        0,
        0,
        0,
        0,
        0,
        0,
        0,
        0
      ],
      "parameters": {
        "threads": "2"
      }
    },
    {
      "command": "snp-dists -j 4 ../tech_wars/analysis/baseline_variants/consensus/bcftools/bcftools.consensus.fa",
      "mean": 61.841384267980004,
      "stddev": 0.19529096753116318,
      "median": 61.84115915508,
      "user": 228.74952524,
      "system": 1.1589471199999999,
      "min": 61.46254964308,
      "max": 62.18519790208,
      "times": [
        61.89093619708,
        61.79868059808,
        61.70872507808,
        62.18519790208,
        61.75356469508,
        61.46254964308,
        61.88363771208,
        61.75737626108,
        62.00807330408,
        61.96510128908
      ],
      "exit_codes": [
        0,
        0,
        0,
        0,
        0,
        0,
        0,
        0,
        0,
        0
      ],
      "parameters": {
        "threads": "4"
      }
    },
    {
      "command": "snp-dists -j 8 ../tech_wars/analysis/baseline_variants/consensus/bcftools/bcftools.consensus.fa",
      "mean": 33.11271471858,
      "stddev": 0.2679464407033741,
      "median": 33.05414955008,
      "user": 232.10211454,
      "system": 1.09318562,
      "min": 32.84838127208,
      "max": 33.71456476808,
      "times": [
        32.93336338408,
        33.35266097608,
        33.71456476808,
        33.18155715708,
        32.86889099208,
        33.15108439908,
        32.95721470108,
        32.93958748808,
        32.84838127208,
        33.17984204808
      ],
      "exit_codes": [
        0,
        0,
        0,
        0,
        0,
        0,
        0,
        0,
        0,
        0
      ],
      "parameters": {
        "threads": "8"
      }
    },
    {
      "command": "snp-dists -j 16 ../tech_wars/analysis/baseline_variants/consensus/bcftools/bcftools.consensus.fa",
      "mean": 20.728621921080002,
      "stddev": 0.21718622303639606,
      "median": 20.71841139608,
      "user": 252.68727983999997,
      "system": 0.92197312,
      "min": 20.41613641608,
      "max": 21.14173794408,
      "times": [
        20.90686251408,
        20.70604805608,
        20.41613641608,
        20.70684139308,
        20.72998139908,
        20.74063024108,
        20.88572530308,
        21.14173794408,
        20.61730872908,
        20.43494721508
      ],
      "exit_codes": [
        0,
        0,
        0,
        0,
        0,
        0,
        0,
        0,
        0,
        0
      ],
      "parameters": {
        "threads": "16"
      }
    }
  ]
}
